آخذ,گیرنده
آخر,پایان;انجام;پسین;فرجام;واپسین
آخرالامر,سرانجام
آخرت,رستاخیز;انجمان;آنجهان;پسین‌سرای;روز بازپسین
آخرین,واپسین;پایانی;پسین;پسینیان;دگران
آذان,گوش‌ها
آرشیو,بایگانی
آزمایشات,آزمایش‌ها
آس,تکخال
آسانسور,بالابر;آسان‌بر;آسان‌رو;بالارو
آسم,تنگدم;تنگ‌دم;ربو
آل بویه,خاندان بویه
آلت قتاله,کشت‌افزار;کشت‌افزار
آنطور,آنگونه;آنسان
آنوقت,آنگاه;آن هنگام;آنزمان;آنهنگام;آنوخت
ائتلاف,همایه;هم‌آوردی;یکی شدن
ابتدایی‌ترین,ساده‌ترین;نخستین
ابتکار,نوآوری;نوآوردگی;نویابی
ابن سینا,پور سینا
اتحاد,همبستگی;هماهنگی;یک‌پارچگی;یگانگی
اتفاق افتادن,رخ دادن;روی دادن
اتفاقات,رویدادها
اتوماتیک,خودکار;خودبخود
اجتناب ناپذیر,پرهیزناپذیر;پیشگیری ناپذیر;دوری ناپذیر;گزیرستنی;ناچار;ناگزیر
اجرت,دستمزد;مزد
اجناس,کالاها
اجیر,مزدور;مزدبگیر;دست‌نشانده
احترام,ارج;آزرمیدن;بزرگداری;بزرگداشت;پاس;سنایش;شکوهیدن;گرامیداشت
احتمال,شاید;چه بسا;گاس;گاسم;گمان می‌رود;گمانم;انگارکه
احتمالا,گاسم
احتیاج,نیاز;نیازمندی
احتیاط,پروا;دوراندیشی;دوراندیشیدن;هوشیاری
احدی,هیچکسی
احسان,بخشش;مهرورزی;نکوکاری;نکویی;نیکی
احضار کردن,خواستن;خواندن;فراخواندن;فراخواندن
احیانا,اگر;شاید;گاه‌گاهی;گاهگاه
اخاذی,تلکه;زورگیری
اخبار,تازه‌ها;آگاهی‌ها;رسیده‌ها;رویدادها;پیام
اختراع,نوآوری;نخست‌سازی;نوآفرینی;برساخته
اختناق,خفگی;تنگنا;آواکشی;فشار
اخذ,دریافت;فراستاندن;گرفتن
اخلاف,جانشینان;پس‌آیندگان;پسینیان
اخوت,برادری
اخوی,برادر
اخیرالتأسیس,نوبنیاد
ادوار,دوره‌ها
اذان,بانگ نماز
اذیت,آزار;رنج;گزند
ارائه طریق کردن,پیشنهاد کردن
ارائه کرد,پیشنهاد داد;رو کرد
اراضی,زمین‌ها
ارامنه,ارمنیان
اربعین,چله
ارتفاع,بلندی;بالا;بلندا;بلندا;افراشتگی
ارشد,بزرگتر;برتر;ارجمند;سرآمد;فرازین
ارفاق,آسانگیری;چشم پوشی;سو;گذشت
ارکان,پایه‌ها
ارکستر,همنوازی
اریکه سلطانی,تخت فرمانروایی
از اوایل,از آغاز
از این جهت,از این رو
از این طریق,از این راه;از این روش
از این قبیل,از این دست;از اینگونه;بدین سان
از این نظر,از این رو
از آن جمله,از آن میان;همانند
از آن روز به بعد,پس از آن روز
از بین بردن,از میان بردن
از جانب,از سوی
از جمله,همچنین;از آنگونه;از دسته;از دسته;از آنگونه
از حیث,از دید
از طرف دیگر,از سوی دیگر
از طریق,از راه
از قدیم,از دیر باز;از دیرباز
ازدواج,پیوند زناشویی;زناشویی;همسرگیری
اساس,پایه;بنیاد;پایه‌ها;پی;زیرساخت;شالوده
اساسنامه,بنیادنامه
اساسی,بنیادی;بنیادین
اسپری,افشانه
استبداد,تکسالاری;خودسری;خودکامگی;خوکامگی
استحصال,برداشت
استحضار,آگاهی;آگاه آوردن;بیادآوردن;پیدایش
استحقاق,سزاواری;شایستگی
استحکامات,سنگربندی‌ها
استدعا می‌کنم,خواهش می‌کنم
استراتژی,راهبرد
استراتژیک,راهبردی
استراحت کردن,آرمیدن;آسودن;درازکشیدن
استراق سمع,شنود دزدکی;دزد گوشی;شنود;فال گوش ایستادن;نهان گوشی
استشهاد,گواهی;گواهی خواهی
استعفا,کناره گیری;کناره جویی
استعمال,کاربرد;بکاربردن;بکارگیری
استفاده از,به کارگیری
استقبال,پیشواز;پذیره;پیشباز;پذیرفتاری
استقرار,برپایی;استوارشدن;جاگرفتن;جایگیری
استمرار,ادامه;پیاپی;پیوستگی
استنباط,برداشت;اندریافت;برداشت کردن;پی بردن;دریافتن
استهزاء,ریشخند;نیشخند
استهلاک,فرسایش;فرسودگی;میرانیدن;نابود کردن
استیجاری,کرایه‌ای
استیضاح,بازخواست;کاوش;گزارشخواهی;واپرسی
استیلاء,چیرگی;پیروزی;دستیابی
اساطیر,افسانه;اسطوره;داستان
اسقاطی,ناکارآمد
اسکله,بارانداز;لنگرگاه
اسلاف,پیشینیان;گذشتگان;پشینیان
اسلحه,جنگ‌افزار;ابزار جنگ‌افزار;زینه
اسم,نام;برنام;آوازه
اسهال,شکم روی;بیرون روی;شکم روش;آسان روی
اسیر,برده;در دام;دربند;دستگیر;گرفتار
اشتباها,ندانسته
اشتغال,کارگماری;سرگرمی;کار
اشرار,آشوبگران
اشراف,بزرگان;بزرگواران;بلند پایگان;توانگران;دیده‌وری;فرونگریستن
اصحاب,یاران;دوستان;همدلان
اصرار,پافشاری;پاپیچی
اصطکاک,سایش;مالش
اصطلاحات,واژگان
اصفهان,اسپاهان;اسپهان
اصولی,بنیادی;بنیادین;ریشه‌ای
اصیل,ریشه‌دار;با نژاد;تبارمند;گوهری;نژاده;والاگوهر
اضافه کردن,افزودن
اضمحلال,نابودی;تباهی;نیستی
اطاعت,پیروی;فرمانبرداری;گردن نهادن
اطاق,اتاق;چهاردیواری;اتاغ;سراچه
اطرافیان,خویشان;پیرامونیان;نزدیکان
اطریش,اتریش
اطفال,کودکان
اطلاع,آگاهی;آگاهبود;پیام;گزارش
اطلاع ثانوی,آگهی پس از این
اطلاعات,آگهی‌ها;داده‌ها;درونداد
اظهار داشت,بازگو کرد
اظهار نظر,بازگویی دیدگاه
اعتبارنامه,استوارنامه
اعتدال,میانه روی;ترازینه;میان گرایی
اعتقادات,باورها
اعتماد به نفس,خود باوری;خودباوری
اعتماد متقابل,همباوری
اعجاب انگیز,شگفت انگیز
اعدام کردن,سر به نیست کردن
اعلام کردن,آگاه کردن;آگاهاندن
اعلان,آگهی;آشکارکردن;آگاهانیدن
اعیاد,جشن‌ها
اغتشاش,آشفتگی;شورش
اغلب,بیشتر;چیره تر
افتتاح,گشایش;بازگشایی
افتخار,سربلندی;بالندگی;بالیدن;سرافرازی;نازش;نازیدن
افتضاح,رسوایی
افراد,مردم;کسان
افرادیکه,کسانیکه
افراط,زیاده روی;زیاده روی کردن;فراخروی
افسوس,دریغا
اقامت,ماندن;زیستن;ماندگار شدن;ماندگاری
اقبال,بخت;نیک‌بختی
اقدام نمودن,دست زدن
اقصی نقاط جهان,سرتاسر جهان
اقصی نقاط دنیا,سرتاسر جهان
اقصی نقاط کشور,سرتاسر کشور
اقلام,نمونه‌ها
اقلیت,کمتری;بخش کمتر;کمترین
اکاذیب,دروغ‌ها;ژاژها;ژاژه‌ها
اکتفاء,بس;بسندگی;بسنده
اکتفاء کردن,بسنده کردن
اکثر قریب اتفاق,بیشتر
اکثرا,بیشتر;بیشترین
اکثراً,بیشتر;بیشترین
اکثریت,شمار بیشتر;بیشتری;بیشترین;بیشینه;مهیستی
الان,اکنون;ایدر;این هنگام;اینگاه;هم اکنون;همین دم;همینگاه
البسه,پوشاک
الحاق,پیوست
الی یا لغایت,تا
اما,ولی;آنگاه;گرچه
امام,پیشوا
امام جماعت,پیشنماز
امتحان کردن,آزمودن;آزمایش کردن;ویزایش
امتداد,راستا;راستای
امتناع کردن,خودداری کردن
امثال,همانند
امدادگر,یاری رسان
امرار معاش,گذران زندگی
امریه,فرمان نامه
امکان پذیر,شدنی
انبیاء,پیامبران;پیغمبران
انتخاب,گزینش;برگزیدن;گزینه
انتخابات,همه پرسی;گزیدمان
انتصاب,گماشتن;به کارگماری;گماشتگی;گمایش
انتظار,چشمداشت;چشم به راه بودن;چشمداشتن
انتظار داشتن,چشم داشتن
انتظار می‌رود,پیش بینی می شود
انتقاد کردن,خرده گیری;خرده گرفتن
انتقام,تلافی;تاوان گیری;خونخواهی;ریمنی;کینخواهی;کینه توزی;کینه جویی
انحاء,روش‌ها
انحرافات,کژی‌ها
انزوا,گوشه گیری;گوشه نشینی
انسجام,هماهنگی;همبستگی
انشاء الله,به امید خدا
انصراف دادن,چشم پوشی کردن;کناره گیری کردن
انعطاف,نرمش;خمیدگی;لادو
انعقاد خون,لختگی خون
انفجار,پکیدن;پکش;پکش;تراکش;ترکش;ترکیدن
انفصال,جدایی;جدا شدن;گسستگی;ناپیوستگی
انهار,رودها
انهدام,نابودی;نیستی;ویران کردن;ویرانگری;ویرانی
انواع,گونه‌ها;جورواجور;گونه‌ها
اهالی بوشهر,مردمان بوشهر
اهتمام,کوشش;پشتکار;تلاش;دلبندی
اهدا کردن,پیشکش کردن
اواسط,میانه‌ها
اول,نخست;آغاز;آغازین;سرآغاز;یکم
اولا,نخست
اولاد,فرزندان;زاده‌ها
اولویت,نخستینگی;برتری
اولین,نخستین;آغازین
ایام,روزها;روزگاران;زمانها
ایجاد اشتغال,کارآفرینی
ایجاد شده,برپاشده;برپا شده
ایجاد کردن,پدید آوردن
ایده آل,آرمانی
ایده آلیست,آرمان گرا;انگارگرا
ایده آلیسم,آرمان گرایی
ایرانی الاصل,ایرانی تبار
ایرانیت,ایرانی گری
ایمان,باور;باور داشتن;باورداشت;باورمندی;پای بندی;گرایش
ایندکس,نمایه
بالاخص,به ویژه
بالعکس,وارون;واژگونه
بالقوه,نهفته;خفته
بالکن,ایوان;پالگانه
بحبحه,هنگامه
بحث و تبادل نظر,گفتمان
بحر خزر,دریای مازندران
بد جنس,بد نهاد;بد سرشت
بدعت,نوآوری
بدن,تن;اندام;پیکر;تنه;کالبد
بدو,آغاز
بدون شک,بی گمان
بدون فوت وقت,بی درنگ
بدیل,همتا
بدین طریق,بدین روش
بذله گو,شوخ
بر اساس,بر پایه
بر عهده,بر دوش;بردوش
بر مبنای,بر پایه;بر اساس
براق,درخشان;پرفروغ;درخشنده
برای مثال,برای نمونه
برخی مواقع,گاهی
برعکس,وارونه;واژگون;واژگونه
برکه,آبگیر;آبدان;تالاب
برودتی,سرمایشی
بسط,گسترش
بسمه تعالی,به نام خدا
بسهولت,به آسانی
بشارت دادن,مژده دادن
بشاش,خندان;خنده رو;خوشرو;گشاده رو
بشر,آدمی;آدمیان;مردم;مردمان
بصیرت,بینش;بینشمندی
بعد,پس;دوری;آنگاه;آینده;پس از این;دورا;دیگر;سپس;سویگان
بعدها,در آینده
بعضا,گاهی
بعضی,برخی;پاره‌ای;گروهی
بعضی مواقع,گاهی
بعضی وقتها,گاهی
بعید,دور
بکر,دست نخورده
بلاتکلیف,بی برنامه
بلاتکلیفی,بی برنامگی
بلاغت,شیوایی;رسایی
بلافاصله,بی درنگ;اندر زمان;دردم
بنیان,بنیاد;پایه;پی;شالوده
بنیانگذار,بنیادگذار
به اتفاق,همراه
به احتمال زیاد,به گمان بسیار
به این ترتیب,بدین سان;بدین روی;بدین گونه;بدینسان;بدینگونه
به تدریج,کم کم;اندک اندک;به آهستگی;گام به گام
به تفصیل,به گستردگی
به حق,به سزا
به خصوص,به ویژه
به زعم,به باور
به سرعت,با شتاب;به تندی;به شتاب
به طور قطع,بی گمان
به ظن من,به گمان من
به عبارتی,به گفته ای
به علاوه,افزون بر آن;افزون بر;به همراه;فزون;همراه با
به غیر از اینکه,جدا از اینکه
به قول,به گفته
به کرات,بارها
به لحاظ,از دید
به مثابه,به مانند
به منظور,برای
به موازات,همراستا
به نحو,به گونه
به نحوی,به گونه ای
به هر حال,به هر روی
به هر صورت,به هر روی
به همین خاطر,از این رو
به همین دلیل,از این روی;از همین روی
به هیچ عنوان,به هیچ روی
به واقع,به راستی
به وجود آوردن,پدید آوردن
به وجود آورنده,پدیدآورنده
به وسیله,بدست
به وضوح,به روشنی
به وفور,فراوان;بسیار;به فراوانی
به وقوع پیوست,رخ داد
بولتن,گزارشنامه
بی احتیاط,بی پروا
بی احساس,سنگدل
بی اصل,بی ریشه
بی اصل و نسب,بی ریشه
بی اعتقاد,ناباور
بی اعتقادی,ناباوری
بی اعتنا,رویگردان
بی اعتنایی,رویگردانی
بی انتها,بی پایان;بیکران
بی انضباطی,نا به سامانی
بی بدیل,بی همتا
بی بضاعت,تهیدست
بی تامل,بی درنگ;بی اندیشه;بیدرنگ
بی تأمل,بیدرنگ;بی اندیشه
بی تدبیر,نابخرد
بی تدبیری,نابخردی
بی ترتیب,درهم;نابسامان
بی تردید,بی گمان
بی توجه,بی پروا
بی جرات,بزدل;بز دل;ترسو
بی جرأت,بز دل;ترسو
بی جواب,بی پاسخ
بی حد و حصر,بی اندازه;بیکران
بی حساب,بیشمار;بی اندازه
بی حواس,پریشان;بی هوش
بی حوصلگی,بی تابی
بی حوصله,بی تاب;شتابزده
بی خبر,سرزده;نا آگاه;ناآگاه
بی خبری,ناآگاهی
بی رحم,سنگدل
بی رقیب,بی مانند
بی روح,بی جان;بیجان
بی سلیقگی,بدپسندی;کژپسندی
بی صبر,ناشکیبا;بی تاب;ستان
بی صبری,ناشکیبایی;بی تابی
بی عدالتی,بی دادگری;بیداد;بیدادگری
بی قرار,بی تاب;پریشان;خسته دل;سراسیمه;نا آرام
بی قراری,بی تابی
بی کفایتی,ناشایستگی
بی لیاقتی,ناشایستگی
بی نظمی,نا به سامانی
بی نظیر,بی همتا;بی مانند
بیان کردن,بازگو کردن;برشمردن
بیش از حد,بیش از اندازه
بین,میان;جدایی;میانه
بین المللی,جهانی;جهان‌گستر;فرابومی;فرامرزی;کیهانی;میان کشوری
بینهایت,بیکران
بیوگرافی,زندگینامه;سرگذشت;سرگذشت نامه
پارتیشن,دیوارک
پاسپورت,گذرنامه
پر تعداد,پرشمار
پرتحمل,پرتاب
پرتعداد,پرشمار
پرثمر,پربار
پرنس,شاهزاده
پرنسس,شاهدخت
پروسه,فرآیند
پستچی,نامه رسان;چاپار
پیش شرط,پیش نیاز
تا به حال,تاکنون
تا حالا,تاکنون
تا حدودی,تا اندازه ای
تا حدی,تا اندازه ای
تابعیت ایران,شهروندی ایران
تاثرآور,دلخراش
تاثیر,کارایی;درآیش;کارسازی;هنایش;هنایش
تاثیر گذار,کارساز;هنایا
تاجر,بازرگان;بازاری;داد و ستدگر;سوداگر
تاخیر,دیرکرد;درنگ;واپس ماندن
تاریک دنیا,جهانخرد
تاسف,افسوس;اندوه;دریغ;شوربختی
تاسیس,راه اندازی;پایه گزاری;بنیاد گذاری;بنیان گذاری;بنیانگذاری;پایه گذاری
تاسیس کردن,بنیان گذاری کردن;پایه گزاری کردن
تاکید,پافشاری;سفارش
تاکید کرد,پافشاری کرد
تالم,اندوه;آزردگی;دردمندی;دردناک
تالیف شده,نوشته شده
تامل,درنگ;اندیشه;ژرف نگری;نگرش
تاثیر,کارسازی;هنایش;درآیش
تاخیر,درنگ;دیرکرد;واپس ماندن;دیرکردن
تأسف,دریغ;افسوس;اندوه;شوربختی
تأسیس,بنیاد گذاری;پایه گذاری
تأکید,پا فشاری;پا بر جایی;سفارش
تألم,اندوه;دردمندی;آزردگی
تألیف شده,نوشته شده
تأمل,درنگ;ژرف نگری;نگرش
تبادل نظر,گفتگو;گفتمان
تبریزی الاصل,تبریزی تبار
تبریک,شادباش;خجسته;شاباش;فرخنده;فرخنده باد
تبسم,لبخند;شکرخند;شیرین خند
تبعات,پیامدها
تبعه ایران,شهروند ایران
تبعیت,پیروی;فرمانبری;پیروی
تبعیت کردن,پیروی کردن;فرمان بردن
تجار,بازرگانان;سوداگران
تجارت,بازرگانی;داد وستد;سوداگری
تجاری,بازرگانی;سوداگرانه;سودایی
تجانس,همگنی;همرنگی;همگینی
تجاوز,دست درازی;بیرون از اندازه;تازش;چنگ اندازی
تجدید نظر,بازنگری
تجربه کردن,آزمودن;از سر گذراندن
تجزیه طلب,جدایی خواه
تجزیه و تحلیل,موشکافی;واکاوی
تجمع,گردهمایی;انجمنی
تجمع کنندگان,گردآمدگان
تجهیزات,ساز و برگ;آگاهی‌ها;آمادگی‌ها
تحت اللفظی,واژه به واژه
تحت فشار,زیر فشار
تحت لوای,زیر درفش
تحتانی,زیرین
تحرک,جنبش;جنب و جوش کردن;جنبیدن
تحریک کننده,برانگیزاننده
تحسین برانگیز,آفرین انگیز
تحصن,بست;بست نشینی;پناه بردن;پناهش;پناهنده شدن
تحصن کردن,بست نشستن
تحصنگاه,بستگاه
تحقیق,پژوهش;جستجو;بازجویی;بررسی;رسیدگی
تحقیقاتی,پژوهشی
تحمل,بردباری;تاب;تاب آوری;شکیبایی
تحمل کرد,تاب آورد
تحمل نمی‌کند,برنمی تابد
تحولات,دگرگونی‌ها
تخصص داشتن,سررشته داشتن;کاردان بودن
تخلیه,تهی سازی;بیرون ریختن;تهی کردن
تخمین,برآورد;برآورد کردن;دیدزدن;گمانه
تخیل,پنداشت;انگیزش;پندار;پنداشتن;گمان کردن
تداوم,ادامه;ماندگاری
تدبیر,راهکار;چاره;چاره اندیشی;رایزنی;کاردانی
تدوین,گردآوری;فراهم آوری;فراهم کردن;نگارش
تذکر,یادآوری;گوشزد
تراس,ایوان;پادگانه;مهتابی
تربیت,پرورش;فرهیختن
ترجمه,برگردان;برگردانی;ترزبانی;ترگویه;نورند;ویراردن
تردد,آمدوشد;آمد و شد;رُ آی;رفت و آمد;رفت وآمد;رو و آی
تردید,دودلی;دودل بودن;گمان
ترشح,تراوش;تراویدن
ترغیب کند,یا دارد
ترقی,پیشرفت;بالا رفتن;پیشرفت;خیزش
ترمینال,پایانه
تساوی,برابری;همانندی;همچندی;همسانی
تسبیح,دستگرد;شمارافزار
تست,آزمایش;آزمون
تسطیح,هموارسازی
تسلط,چیرگی;پیروزی;چیره دستی;چیره شدن;دست
تثقیلی,تنگنا اندازی
تفاوت,آماج‌ها
تصادف,برخورد;بهم خوردن;پیشامد;رخداد;رویداد
تصادم,برخورد;بهم کوفتن
تصحیح کردن,درست کردن;ویراستن
تصفیه,پالایش
تصور کردن,انگاشتن;پنداشتن;گمان کردن;هوشیدن
تظاهرات,راهپیمایی
تعجیل,شتاب کردن;شتافتن;کردن شتاب
تعداد,شمار;شمارگان;شمارش;شمارگان;شماره
تعداد محدودی,شمار اندکی
تعدادی,شماری;چندی
تعلق خاطر,وابستگی;دلبستگی
تعلیم,آموزش;آموختن;آموزاندن;آموزه;یاد دادن
تعهدنامه,پیمان نامه
تغییر کرد,دگرگون شد
تغییرات,دگرگونی‌ها;دگرگونی‌ها
تفتیش,بازجویی;بازرسی;جستجو;کاویدن
تفحص,پیکاوی;جستجو;کندوکاو
تفرجگاه,گردشگاه
تفریق,کاهش;پراکنش
تفنگچی,تفنگدار
تفویض,سپردن;واگذار کردن;واگذاری
تقبل کردن,پذیرا شدن;پذیرفتن
تقدیر یا قسمت,سرنوشت
تقدیم کردن,پیش کش کردن
تقرب,نزدیکی;آشنایی;فرامندی
تقسیم,بخش;بخش کردن;بخشش;پاره پاره کردن
تقلب,دغلی;دغلکاری;نادرستی;نیرنگ
تقلیل,کاهش;کاستن;کم کردن
تقلیل دادن,کاستن
تقوی,پرهیزگاری;پارسایی;پرهیز;پرهیزکاری
تقویم,سالنامه;ارزیابی;برآورد;گاهشمار;گاهنامه
تکذیب کردن,دروغ شمردن
تکریم,بزرگداشت;ارجمندشمردن;گرامی
تکنیک,شگرد
تلف کردن,هدر دادن
تلفیقی,آمیزه ای
تلویحا,سربسته;درپرده;نهانی
تمام امور,همه کارها
تمام شده,پایان یافته;پایانیده
تمامی,همگی;همه
تمامیت ارضی,یکپارچگی کشوری
تمایل,گرایش;خواهانی;دلبستگی
تمایلات,گرایش‌ها
تمثال,پیکر;تندیس;فرتور;نگاره
تمرد,سرکشی;سرپیچی;گردن کشی;نافرمانی
تمساح,سوسمار
تمنا,خواهش;درخواست;بدنبال;برای
تمنا می‌کنم,خواهش می‌کنم
تمول,توانگری;دارا شدن
تهمت,انگ;بد نام کردن;بدنامی;دروغ بستن
تواتر,بسامد;پشت سرهم;پی در پی;پیاپی
تواضع,فروتنی
توالت,دستشویی;آبخانه;دست به آب
توام,باهم;همپا;همراه;همزاد
توأم,همراه;باهم;همپا;همزاد
توجه,آگاهی;پرداختن;پروا;دریافت;نگاه;نگر;رویآوری;رویکرد;نگرورزی
توریست,گردشگر
توریسم,گردشگری
توزیع,پخش;پخش کردن;پخشایش;پراکنده ساختن
توسط,بدست;به دست;بهدست;میانجی;میانجیگری;میانگی
توسعه,گسترش;افزایش;پهناوری;پیشرفت;فراخی
توصیه,پیشنهاد;اندرز;پند;رهنمود;سپارش;سفارش
توضیح المسائل,روشنگرنامه
توقع,چشمداشت;چشمداشت;خواسته;خواهش
توقیف,بازداشت;دستگیری
توکل به خدا,به امید خدا
تونل,دالان;دالانه;شکافه
ثالثا,سوم;سوم آنکه
ثانیا,دوم;دوم آنکه;دیگر بار
ثبت نام,نام نویسی
ثبت نام کردم,نام نویسی کردم
ثروت,دارایی;توانایی;سرمایه
ثقیل,سنگین;گرانبار
ثلاثه,سه گانه
ثالث,خوم;خوم آغ
ثانی,دوم;دوم آغ;دیگر بار
ثلث ماه,سوم ماه
ثلث ماه کردم,سوم ماه کردم
ثبوت,پایداری;استواری
جدول الفبایی,راه نمای واژگانی
جذب,کشش;ربایش;گرایش
جنب,پهلوی;کناری
جاهل,نادان;بی خرد;کوراندیش;ناآگاه
جایزه,پاداش
جبار,ستمکار;بیدادگر;ستمگر
جدار,پوسته;دیوار;دیواره
جدید,به تازگی
جدیدالانتشار,تازه چاپ
جدیدالتاسیس,نوساز;تازه ساز;نوبنیاد
جدیدالتأسیس,نوبنیاد;نوساز
جدیدترین,تازه ترین
جذاب,گیرا;دلربا;فریبا;فریبنده
جذابیت,گیرایی;گیرایش
جذب دانشجو,پذیرش دانشجو
جرئت,دلیری;پردلی;نترسی
جرات,گستاخی;یارا
جراید,روزنامه‌ها
جرأت,یارا
جرثقیل,گرانکش;سنگینبر
جرح,زخم
جرم,گناه;بزه;لغزش;زنگ;بزهکاری;چگالی;غند;لرد
جریمه,تاوان
جزء به جزء,بند به بند;مو به مو
جزایی,کیفری
جزیره,آبخوست
جزیی از آن,پاره ای از آن
جسد,پیکر;لاشه;مردار
جسور,بی باک;دلیر;گستاخ;نترس
جعل,برساخت;روسازی;ساختگی
جعلی,برساخته;دروغین;ساختگی
جلاد,دژخیم;آدمکش;شکنجه گر
جلال و جبروت,فر و شکوه
جلسات,نشست‌ها
جلسه,نشست;انجمن نشست;دیدار;گردهمایی
جلسه کارمندان,نشست کارمندان
جلوس کردن,نشستن
جمع آوری,گردآوری;برداشت
جمعا,رویهمرفته
جمعاً,رویهمرفته
جمعه,آدینه
جمعی,گروهی
جنس,کالا;ژاد;گینه
جنوب,نیمروز;اواخشتر;نسا;نیمروز
جهل,نادانی;نادانستگی
جهنم,دوزخ
جواب,پاسخ
جوابگو,پاسخگو
جواز,پروانه;روادید;گذرنامه
جادهٔ مواصلاتی,راه دسترسی
جاذبه,کشش;ربایش;گرانش
جاعل,برساز
جاعلین,برسازها
جالب توجه,نگریستنی
جامع,فراگیر;فراخ;فرآراسته;گردآور
جانبی,پهلویی;کناری
چارت,نمودار
چرا زحمت کشیدید,چرا رنجه فرمودید
چراغ قوه,چراغ دستی
چطور,چگونه;چسان
چطوری,چگونه
حاوی,در بر گیرنده;دربرگیرنده;فراگیر;بند
حبس,زندان;بازداشتگاه;بند
حتما,بی گمان;بی گمان حد;هر آینه
حتماً,ناگزیر;بی برو برگرد;بی گفتگو;بی گمان;بی گمان حد;هر آینه
حد,مرز;اندازه;پایان;کران;کنار
حداقل,دست کم;کمترین;کمینه
حداکثر,بیشینه;ترین بیش
حدس,گمان;انگار;پندار;گاس;گمانه
حدس می‌زنم,گمان می کنم
حدود,نزدیک به;نزدیک;کم و بیش
حرارت,گرما;گرمای
حراست,نگهبانی;پاسبانی;پاسداشت;نگهداری
حرام,ناروا;نابایست;نابایسته;ناشایست;نشایست
حرف بی ربط,سخن نادرست;یاوه
حرف زدن,سخن گفتن
حرفه,پیشه;شگرد;کار
حرفه ای,چیره دست;کاردان;کارشناس
حرکت,جنبش;پویش;تکان;جُنبه
حرکت کن,بجنب
حرم سرا,پرده سرا
حریف,هم آورد;هماورد;همزور
حزن,اندوه;افسردگی;دلتنگی
حزن انگیز,اندوهبار
حساب شده,سنجیده
حسابگر,دور اندیش
حساس,دلنازک;دل نازک;زود رنج;زودرنج;زودکنش;شکننده
حسب الامر,به دستور;بر اساس فرمایش;برابر دستور;به فرمان;به فرمایش
حسنه,نیک;نیکو
حصار,دیوار;بارو;برج;پرچین;دژ;کلات;مرزبندی
حفره,سوراخ;چاله;گودال;مغاک
حق التحقیق,پژوهانه
حق التدریس,آموزانه
حق الزحمه,دستمزد
حق السکوت,خموشانه
حقوق بگیر,مزدبگیر
حقیر شد,کوچک شد
حقیقت,راستی;درستی;درستی و راستی;راستینگی;راستینه;فرهود
حکمیت,داوری
حلقوم,خرخره;خشک نای;نای
حلقوی,گرد;زرفینی
حماسی,پهلوانی
حماقت,سبک مغزی;بی خردی;کودنی;نادانی
حمال,باربر;بارکش;ترابر
حمام,گرمابه
حمایت,پشتیبانی;پشتیبانی;همدلی;همیاری
حمل و نقل,ترابری;جابجایی
حمله,یورش;تاختن;آفند;تاخت;تاخت و تاز;تازش;تک
حوزه خلیج فارس,گرداگرد خلیج فارس
حیثیت,آبرو;ارزش
حیرت انگیز,شگفت انگیز
حیرت آور,شگفت انگیز;شگفت آور
حیرت زده,شگفت زده
حیطه,گستره
حیف که,افسوس که
حیله گر,فریبکار;فریبا
حیله مکر,نیرنگ
خادم,پیشکار;چاکر;فرمانبر;کارگزار;نوکر
خارج,بیرون;برون
خارج از کشور,بیرون از کشور
خارجی,بیگانه;انیرانی;بیرونی;فرنگی
خارق العاده,شگفت انگیز;چشمگیر;شگفت آور;فرایندار
خازن,انباره
خاص,ویژه;برجسته;برگزیده
خاصیت,ویژگی;سودبخشی
خاطر نشان,یادآوری
خاطرخواه,دلباخته
خاطره,یادبود;یادمان;یادنامه
خالص,ناب;بی آلایش;پالوده;زدوده;سره
خالصانه,بی آلایش
خانم,بانو;دوشیزه;کدبانو
خبرنگار,گزارشگر;روزنامه نویس;گزارشگر;نوداننویس
خبره,کارشناس;آگاه;زبردست;کارآزموده
خجالت,شرمساری;آزرم;سرافکندگی;شرم;شرمندگی
خجالت آور,شرم آور
خجالت می‌کشم,شرم دارم
خجول,شرمسار;آزرمگین;شرمگین;کمرو
خدا رحمتش کند,خدا بیامرزدش
خدای واحد,خدای یکتا
خدشه,خراش;آسیب
خراب,ویران;رمبش;رمبیدن;نابسامان
خرابه,ویرانه
خرابی,ویرانی
خرج,هزینه
خروج,برونرفت;برونرفت;برونروی;بیرون;بیرونی
خسارت,زیان;زیان بردن;زیانکاری
خسوف,ماه گرفتگی
خصوصا,به ویژه;بویژه
خصوصیت,ویژگی
خصومت,دشمنی
خضوع,فروتنی;افتادگی
خط آهن,راه آهن
خط مشی,راه و روش
خطاط,خوشنویس
خطاطی,خوشنویسی
خطی,دست نویس;دستنویس
خطیب,سخنران;سخنور
خلاص,رها;آزاد
خلاصه,چکیده;فشرده;گزیده
خلاصی,رهایی
خلافکار,تبهکار
خلاف کار,تبهکار
خلف وعده,پیمان شکنی;ناسازگاری;نهاد
خلقت,آفرینش;سرشت;نهاد
خلوص,نابی;سارا;سرگی;سره گی
خلیج فارس,کنداب پارس;آبکند پارس
خلیفه,جانشین;پادشاه تازی
خمس,پنج یک;پنجک
خنجر,دشنه;خونبر;سرنیزه
خواص,ویژگان;یاران
خودرو کروکی,خودرو روباز
خودمختار,خودگردان
خوشحال,دلشاد;خرسند;سرخوش;شاد;شادکام;شادمان
خوف,ترس;باک;ترسیدن
خوف برداشتن,ترسیدن
خوفناک,ترسناک;سهمناک
خیاط,جامه دوز;درزی;دوزنده
خیال کردم,گمان کردم;پنداشتم
خیرمقدم,خوش آمد;خوشامد
دائرة المعارف,دانشنامه
دائم,جاویدان;همیشه;همیشگی;پایا;پاینده;همش;همواره
دائم الخمر,میخواره
دائمی,همیشگی
داخل,تو یا درون;اندر;اندرون;تو;درون;میان
داخل کشور,درون کشور
داخلی,درونی;خانگی
دائرة المعارف,دانشنامه
درب,در;دروازه
دلایل,انگیزه‌ها
دلیل,انگیزه;آوند;چرایی;راهنما;رهنمون;سبب;شُوند;فرنود;نشانه
دمکرات,مردمسالار
دمکراتیک,مردمسالارانه
دور باطل,دور تباه
دیاگرام,نمودار
دیه,خونبها;خونبها;خون بها
در ارتباط با,درباره
در اسرع وقت,هرچه زودتر;هر چه زودتر
در آینده نزدیک,این دیده هنگام
در این ارتباط,در این باره
در این خصوص,در این باره
در این مورد,در این راستا;در این باره
در آخر,در پایان
در باب,درباره;در این باره
در حال توسعه,رو به پیشرفت
در حال حاضر,هم اکنون
در حال رشد,رو به پیشرفت
در خصوص,درباره
در رابطه با,درباره
در راس,در بالای
در رأس,در بالای
در ضمن,همچنین;افزون برین;وانگهی
در عوض,در برابر
در عین حال,در همان سان;به همان سان
در غیر اینصورت,وگرنه
در قدیم,پیشتر ها
در کل,رویهمرفته
در مجموع,رویهمرفته
در محذور,در تنگنا
در مقابل,در برابر;فراروی
در نتیجه,برآیند اینکه;بنابر این
در نظر گرفتن,به دیده داشتن;درنگر آوردن;درنگریستن
در نهایت,در پایان;سرانجام
در هر حال,به هر روی
درس,آموزه;آموزش
درس اول,آموزه نخست
درک کردن,پی بردن;دریافتن
درمورد,درباره
دست آخر,در پایان
دستجرد,دستگرد
دسته جمعی,گروهی
دستور جلسه,دستور نشست
دستور قتل,دستور کشتن
دعا,نیایش;ستایش
دعا می‌کنم,نیایش می کنم
دعوت کردن,فراخواندن
دعوتنامه,فراخوانه;فراخوانی
دعوی کرد,کتک کاری کرد
دفاع,پشتیبان;پشتیبانی;پدافند;ایستادگی;پایداری;پدافند
دفتر خاطرات,دفتر یادبود;دفتر یادمان‌ها
دفن کردن,خاکسپاری;گوراندن
دکوراسیون منزل,خانه آرایی
دلایل,انگیزه‌ها
ذاتی,خداددادی;گوهری
ذخیره,اندوخته;پس انداز;پشتوانه
ذره,خرده;ریزه
ذکر کردن,یادکردن
ذکور,مردها
ذلت,خواری;بدبختی;پستی;سرشکستگی
ذیل,زیر;پانوشت;پایین
رئیس جلسات,سرپرست نشست‌ها
رئیس خانواده,سرپرست خانواده
راجع به,درباره;پیرامون
راحت,آسان;آرام;آسایش;آسوده;ساده
رادیوتراپی,پرتودرمانی
راس ساعت,سر ساعت
راسخ,استوار;پای برجا;پایدار
راه حل,راهکار;راه چاره;گره زدایی;گره گشایی
راوی,گوینده;بازگو;داستان سرا
رزق,روزی;خوراکی;خوردنی
رسم الخط,دبیره;خوش نویس;شیوه نگارش;دبیره نویسی;آیین نگارش;خوش نویسش
رسوب,ته نشست;ته نشین;ته نشینی;درد;لای;لرد
رسوخ کردن,رخنه کردن
رسول,فرستاده;پیام آور;پیام بر
رشد کردن,بالیدن
رضایت,خوشنودی
رطوبت,نم;خیس
رطوبت دارد,نم دارد
رعب و وحشت,ترس و هراس
رعد,آذرخش;تندر;تندر
رعد و برق,آذرخش;تندر;تندر و آذرخش
رعشه,لرزه;لرزش;لزره
رعیت,دهوند;شهروند;کشاورز
رفاقت,دوستی;همدلی;یاری
رفراندم,همه پرسی;همپرسی
رفقا,دوستان
رفیق,دوست;همدل;همراه;یار
رفیقان,دوستان
رقابت,مبارزه;چشم و همچشمی;چشم وهمچشمی;هماوردی;همچشمی
رقص,پایکوبی;جنبیدن;دست افشانی;رامشگری;فرخه;وشت;وشت
روز بخیر,روزخوش;روز خوش
روز تولد,زادروز
رویت,دیدن;دید
رئوس مطالب,سرنوشتار ها
زائده,زیادی;خار;خاشاک;خاشه;خاکروبه
زبان خارجی,زبان بیگانه
زبان محاوره ای,زبان گفتاری
زحمت,دردسر;دشواری;رنج;رنجش;رنجه;سختی;فشار
زراعت یا زارع,کشاورزی یا کشاورز
زکات,هشت یک
زکام,سرماخوردگی;چایش;چاییدن
زلزله,زمین لرزه;بومهن
زنجان,زنگان
زوال,فروپاشی;نابودی;نیستی;ویرانی
زوج,همسر;جفت
زیاد,بسیار;افزون;انبوه;سرشار;فراوان;گسترده;وشناد
زاهد,پارسا;پرهیزکار
زاویه,گوشه;سوک;کنج;گونیا
زاید الوصف,چشمگیر
زباله,آشغال;خار;خاشاک;خاشه;خاکروبه
سؤال,پرسش;پرسیدن;درخواست
سؤال کردن,پرسیدن
سابقه,پیشینه
ساحت,پیشگاه;آستانه
سارق,دزد;راهزن
ساقط,سرنگون;واژگون
سال جاری,امسال
سالاد,سبزیانه
سالم,تندرست
سایت اینترنتی,تارنما
سایر,دیگر;روان;رونده
سایرین,دیگران
سبزیجات,سبزی‌ها
سبقت,پیشی;پیشی گرفتن;پیشیگرفتن;گذشتن
سبوعانه,ددمنشانه
سجاده,جانماز
سخیف,سبک
سد امیرکبیر,بند امیرکبیر
سرحدات,مرزها
سرقت,دزدی;دستبرد;ربایش
سریع,تند;پرشتاب;چابک;چالاک;شتابان;شتابنده;فرز
سریعتر,تندتر
سعادت,بهروزی;خوشبختی;نیک بخت شدن
سعی,کوشش;پشتکار;تلاش
سفاک,خونریز;ددمنش;سنگدل
سلاطین,پادشاهان
سلام,درود;نیک روز;روز خوش
سلامت باشید,پاینده باشید;زنده باشید
سلسله اشکانی,دودمان اشکانی
سلسله جبال,رشته کوه ها;رشته کوهها;رشته کوهها
سلطان,پادشاه;شهریار
سلطه,چیرگی;فرمانروایی
سم,زهر;شرنگ
سمبل,نماد
سمبلیک,نمادین
سمعی بصری,دیداری شنیداری
سمینار,هم اندیشی;همکاوی
سنه,سال
سهل,آسان;ساده
سهم,بهره;بخش;دانگ
سهوا,ندانسته
سهواً,ندانسته
سهولت,آسانی;سادگی
سوء رفتار,بدرفتاری
سوء شهرت,بدنامی
سونیت,سراچه
سوابق,پیشینه;پیشینه‌ها
سواحل دریای خزر,کناره های دریای مازندران
سوبسید,یارانه
سوق الجیشی,راهبردی
سیاسیون,سیاستمداران
سیرجان,سیرگان
سیفون,آبشویه
شأن,بزرگی
شایان ذکر است,گفتنی است
شاهد,گواه;انجمن;گواهی دهنده
شایان,شایسته
شباهت,همانندی;مانستگی;مانندگی;همتایی;همگونی
شبیه,مانند;همانند;همدیس;همسان;همگون
شجاع,دلیر;پردل;دلاور;شیردل;گرد
شجاعت,دلیری;دلاوری
شجره نامه,تبارنامه
شدید,به سختی;سخت
شربت,دوشاب;شکرآبه;شهدآبه;نوشابه
شرح وقایع,رویدادنامه;رویداددنگاری
شرفیاب شدن,باریافتن;بار یافتن
شروع,آغاز;سرآغاز
شریان,سرخرگ;شاهرگ
شط العرب,اروندرود
شطرنج,چترنگ;سترنگ;شترنج;شترنگ
شعائر مذهبی,آیین های دینی
شعبده بازی,چشم بندی
شعله,اخگر;افرازه;تابش;زبانه;فروزینه
شعور,خرد;دانایی;دانستگی;دریافتن;هوش
شغل,کار;پیشه
شفا,درمان;تندرستی;بهبود;بهبودی
شکرگذاری,سپاسگذاری;سپاسگزاری
شمسی,خورشیدی
شهادت,گواهی;جانباختگی;گواهی دادن
شهادت طلبانه,جانبازانه;جانسپارانه
شوق,شور;آرزومندی;خواستاری;دلبستگی;شادی
شوکت,شکوه;فر;والایی
شیطان,اهریمن;دیو
شیمی,کیمیا
شیمیایی,کیمیایی
شیوع,گسترش;همه گیر;واگیر
شامل,در بر گیرنده;دربر گیرنده;فراگیر
شایان,شایسته;درخور;سزاوار;شایا
شاکی,گله مند;گله گزار
شهر,شار;شهرگ
شفاهی,زبانی;گفتاری
صائب,درست
صائبین,درست‌ها
صادق,راستگو;پاکدل;درستکار;رو راست
صاعقه,آذرخش
صاف و هموار,هموار
صالح,درستکار;پارسا;پرهیزکار;شایسته;نیکوکار
صبح,بامداد;پگاه;سپیده دم
صبور,بردبار;خود دار;شکیبا
صحرا,بیابان;دشت و دمن
صحیح,درست;بایسته;خوب ونیک
صداقت,راستی;بی آلایشی;درستی;راستگویی;رو راستی
صدمه,آسیب;آفت;زیان;گزند
صدمه دیده,آسیب دیده
صرفنظر کردن,چشم پوشی کردن;دل فروبستن
صعب العلاج,بی درمان;درمان ناپذیر;دشوار درمان;سخت درمان
صعودی,افزاینده;فرایاز;فزاینده
صفویه,صفویان
صلوات,درود فرستادن
صلوة,نماز
صمیمی,خودمانی
صورت,روی;چهره;رخسار;رخساره;گونه
صیاد,شکارچی;ماهیگیر;دامیار;شکارچی;شکارگر;ماهیگیر;نخجیرگیر
صاحبنظر,کاردان;کارشناس
ضربه,پیکر;لاشه;پیکر;سترگ
ضدعفونی کردن,گندزدایی
ضرب المثل,زبانزد
ضربان,تپش;تپیدن
ضرر,زیان;آسیب;گزند
ضرورت,بایستگی;ناچاری;ناگزیر;نیاز
ضروری,بایسته;ناچار;ناگزیر
ضعف,سستی;زبون;ناتوانی;نزاری
ضعیف,ناتوان;سست;کم زور;لاغر;نزار
ضمن آنکه,افزون بر آنکه
ضمن تایید,افزون بر درست شمردن
ضمیمه,پیوست;همراه
ضیافت,میهمانی;بزم;جشن;سور;مهمانی
طاقت,تاب;توان;توانایی;توان;یارایی
طالع,بخت;سرنوشت
طایفه,تبار;تیره;خاندان;ویس
طباخ خانه,آشپزخانه
طباخی,آشپزی;خوالیگری
طبخ,پختن
طبق,بر پایه;برابر;برپایه;تال;تبک;ترینان;سبد
طبقه بندی,دسته بندی;رده بندی
طبیب,پزشک
طبیعت انسان,سرشت آدمی
طراز,تراز همانند ترازو
طرد شده,رانده شده;رانده
طرز تفکر,بینش
طرفین,هر دو سو
طریقه,شیوه;روال;شگرد;گونه
طعم,مزه
طلا,زر;تلا;زر
طلافروش,زرگر
طلایی,زرین;زرگون
طلوع آفتاب,برآمدن خورشید;برآمدن آفتاب;بردمیدن آفتاب
طمانینه,آرامش
طمأنینه,آرامش
طناب,ریسمان;رسن;رشتک;کمند
طهران,تهران
طوس,توس نام شهر
طول,درازا;درازای;درازنا
طول تاریخ,درازای تاریخ
طویل,دراز;بلند
طی کردن,پیمودن;پوییدن;درنوردیدن;رهسپاری;نوردیدن
طیور,پرندگان;ماکیان
ظالم,ستمگر;بیدادگر;جفاکار;زورگو
ظالمانه,ستمگرانه;بیدادگرانه;زورگویانه
ظاهر شدن,پدیدار شدن
ظرفیت,گنجایش;خورند;گنجانه;گنجایی
ظلم,ستم;بیداد;جفا;زورگفتن
ظلمات,تاریکی;گمراهی
ظن,گمان;پندار;گمانه
ظهور,پیدایش;آشکاری;پیدایی;نمود
عابر,رهگذر;رونده;گذرکننده
عابر بانک,خودپرداز
عاجز,درمانده;بیچاره;زبون;ناتوان
عادت,خو;خو گیری;خوی;روش;سرشت;شیوه;منش
عادت کردم,خو گرفتم
عادت کردن,خو گرفتن;خو کردن;خوی گرفتن
عادلانه,دادگرانه;دادمنشانه
عار داشتن,ننگ داشتن
عازم شدن,روانه شدن;رهسپار شدن;رهسپارشدن
عاقبت,سرانجام;پیامد;فرجام
عاقبت به خیر,نیک فرجام
عاقل,خردمند;اندیشمند;پخته;دانا;زیرک;هوشمند
عالم,جهان;دانشمند;سپهر گردون;کیهان;گیتی
عالمگیر,جهانگیر
عالیجناب,بزرگوار;ارجمند;گرانمایه;والاگهر
عامیانه,تودگانه
عبا,بالاپوش
عبادت,پرستش;ستودن;ستایش;نیایش
عبارتند از,بر این پایه اند
عبرت,پند;آموزش;آموزه;اندرز;پنداموزی
عبور کردن,گذشتن;گذر کردن;ردشدن;گذر
عبور و مرور,آمد و شد;رفت و آمد
عجب,منی;خودستایی;خودبینی;شگفت;شگرف;شگفت انگیز;شگفت آور;شگفتی
عجز,درماندگی;بیچارگی;ناتوانی
عجله,شتاب;تندی;تیزی;چابکی
عجله کن,شتاب کن
عجیب,شگفت;شگرف;شگفت انگیز;شگفت آور
عدل,داد;دادگری;دادمندی;داوری;نیم خروار
عدم موفقیت,ناکامی;ناکامیابی
عده ای,شماری
عدیده,پرشمار
عذر می‌خواهم,پوزش می خواهم
عذرخواهی,پوزش خواستن
عرصه,پهنه;میان سرای;میدان
عرض,درازای;پهنا
عرض اندام,جلوه نمایی
عرض حال,دادخواست
عرضه و تقاضا,داد و خواست
عریض,پهن;پَهَن;پهناور;گسترده;گشاد
عزا,سوگ;سوگواری
عزاداری,سوگواری
عزل,برکناری;بیکار کردن
عصبانی,خشمگین;برآشفته;تندخو;جوشی
عصبانی شدن,برآشفتن
عصبانیت,خشم;برآشفتگی
عصر,ایوار;پس از نیمروز;پسین;روزگار;زمان
عصر باستان,دوره باستان
عصر فن آوری,زمانه فن آوری
عصیان,سرکشی;سرپیچی;گردنکشی
عطف,بازگشت;بازگشتن
عفو,بخشش;بخشودن;آمرزش;بخشایش;بخشیدن;چشم پوشی
عقاید,باورها
عقب ماندگی,واپس ماندگی
عقب مانده,واپس مانده
عقب نشینی,واپس نشینی;پس رفتن
عقل,خرد;خرَد;دانایی;دانش;هوش
عقلانیت,خردمندی
عقیده,باور;اندیشه;خواسته;دیدگاه;رای
عکس العمل,واکنش
علامت,نشانه;آرنگ;نشانی
علائم راهنمایی و رانندگی,نشانه های راهنمایی و رانندگی
علاج,درمان;چاره;چاره جویی
علاقه,دلبستگی;دوست داشتن;گرایش
علاقه دارم,دلبستگی دارم
علاقه مند,دوستدار;دلبسته;شیفته;مهرورز
علاوه بر این,افزون بر این
علم,دانش;پرچم;نشان;درفش;دانایی
علم بدیع,دانش نوآوری
علنی شد,آشکار شد
علی الخصوص,به ویژه;بویژه
علی ای حال,به هر روی
علیرغم,با اینکه;با آنکه;بااین همه;به ناخواست
علیه او شورید,بر او شورید
عمامه,دستار
عمده,بزرگ;بسیار;بیشتر;فراوان;کلان
عمران,آبادانی;آبادی;سازندگی
عمل,کنش;کار;کردار
عمله,کارگر
عمودی,ستونی
عمومی,همگانی;همه گیر
عهد,پیمان;سوگند
عهدنامه,پیمان نامه
عواقب,پیامدها
عوام فریب,مردم فریب
عوام فریبانه,مردم فریبانه
عوامفریبانه,مردم فریبانه
عوض کردن,جابجا کردن;جابجاکردن
عیال,همسر;زن و فرزند
عیان,آشکار;آشکارا;روشن;هویدا
عیب,بدی;آک;کمبود;لغزش
عید,جشن;روزبه
عید نوروز,جشن نوروز
عیش و نوش,خوشگذرانی
غارت,تاراج;چپاول
غافل از آنکه,ناآگاه از آنکه
غالب مردم,بیشتر مردم
غالبا,بیشتر;بسی;بسیار;بیشتر;چه بسا
غذا,خوراک;خوراکی;خوردنی;خورش
غریبی,ناآشنایی
غسل,شست و شو;شستشو
غصه,غم;اندوه
غلات,گندم;ارزن;برنج;جو;ذرت
غلام,برده;بنده;سرسپرده
غلبه کردن,چیره شدن
غلط,نادرست;غلت;ناراست
غلطیدن,غلتیدن
غلیظ,چگال;پر مایه
غیر قابل اجرا,انجام ناپذیر
غیر قابل ارجاع,برگشت ناپذیر
غیر قابل انعطاف,نرمش ناپذیر
غیر قابل باور,باورنکردنی
غیر قابل بخشش,نابخشودنی
غیر قابل بیان,ناگفتنی
غیر قابل تحمل,برنتافتنی
غیر قابل درک,درنیافتنی
غیر قابل دسترس,دست نیافتنی
غیر قابل عفو,نابخشودنی
غیر قابل فهم,درنیافتنی
غیر قابل قسمت,بخش ناپذیر
غیر قابل کنترل,مهار گسیخته
غیر قابل مقایسه,سنجش ناپذیر
غیرمرفه,بینوا
غیرممکن,نشدنی;ناشدنی
فائق آمدن,پیروز شدن
فاتح,پیروزمند;پیروز;چیره
فاحشه,روسپی;تن فروش;خودفروش
فارسی,پارسی
فارغ البال,آسوده دل;سبکبال
فارغ التحصیل,دانش آموخته
فاصله گرفتن,دور شدن
فاکتور خرید,برگ خرید
فاکس,دورنگار
فامیلی,خانوادگی
فانی,زودگذر;مردنی;ناپایدار;ناپاینده;نماندنی
فایده,سود;بازدهی;بهره;سودبخش;هوده
فتنه,آشوب;شورش;غوغا;هنگامه
فحاشی,ناسزاگویی
فرار,گریز;ناپا;جست;جستن;گریختن;گریزا
فرار از,گریز از
فرامین,فرمان ها
فرانشیز,خودپرداخت
فرض کرد,پنداشت
فرکانس,بسامد
فرمول,ساختاره;ریختار;سانیز
فساد,تباهی;پوسیدگی;تباه شدن;ویرانی
فعال,پرکار;پرکنش;پویا;کاری;کنشگر;کوشا
فعالیت,تلاش;تکاپو;ناآرامی;پرکاری;کار و جنبش;کنشوری;کنشگری;کوشش;کوشندگی
فعل,کارواژه;پویه;کردار;کنش;کنش
فعلی,کنونی
فقر,تهیدستی;بینوایی;تنگدستی;مستمندی;نداری
فقط,تنها;بس
فقه,دین شناسی;نیرنگ
فقیر,تهیدست;تنگدست;تهی دست;گدا;مستمند;نیازمند
فقیه,دین شناس
فکر,اندیشه;باور;سگالش
فلاسک,دمابان
فلذا,بنابراین;پس
فلش,پیکان;تیر
فوت شد,درگذشت;مرد
فورا,بی درنگ;بیدرنگ;دردم;زود;هماندم
فوراً,بیدرنگ;دردم;زود;هماندم
فوق العاده,بی اندازه;شگفت انگیز
فوق برنامه,فرابرنامه
فوقانی,بالایی;زبرین;فراسر
فی الفور,در دم;بیدرنگ;دردم;هماندم
فی المثل,برای نمونه
فی الواقع,به راستی
فی نفسه,به خودی خود
فیش,برگه
قابل انجام,شدنی
قابل پیش بینی,پیش بینی کردنی
قابل تامل,درنگ کردنی
قابل توجه,چشمگیر;تماشایی;در خور نگرش;دیدنی
قابل دسترس,دست یافتنی
قابل ذکر است,گفتنی است
قابل شما را ندارد,سزاوارتان نیست
قابل قبول,پذیرفتنی;باورکردنی
قابل قسمت,بخش پذیر
قابل کنترل,مهار شدنی
قابل مطالعه,خواندنی
قابل مهار,مهار شدنی
قابله,ماما;زایمانگر
قابلیت قسمت,بخش پذیری
قاتل,آدمکش;آدم کش;جان ستان;کشنده
قاجاریه,قاجاریان;قاجار;قاجاریان;قاجار
قادر,توانا;توانمند;نیرومند
قاضی,دادرس;دادور;داور
قاطر,استر;اسر
قافله,کاروان;رهنوردان
قبایل,تیره ها
قبر,گور;آرامگاه;مزار
قبرستان,گورستان
قبض,رسید;برگه فروش
قبض انبار,رسید انبار
قبل,پیش;پیشینه
قبلی,پیشین
قبول می‌کنم,می پذیرم
قبیح,زشت;ناپسند;نکوهیده
قتل عام,کشتار;کشتار همگانی
قد علم کردن,سربرافراشتن;سر برافراشتن
قدح,سبو
قدرت,نیرو;تاب;توان;توانایی;زور;یارایی
قدرت بالقوه,توان نهفته
قدرت طلب,جاه پرست;فزون خواه
قدرتمند,نیرومند
قدردانی,سپاسداری;سپاسگزاری;گرامیداشت
قدم دوم,گام دوم
قدما,پیشینیان;گذشتگان
قدمت,دیرینگی;پیشینه;دیرینه;کهنگی
قدیمی,کهن;باستانی;کهنه;پارینه;دیرین;دیرینه
قرار دادن,نهادن
قرار می‌داد,می نهاد
قرارداد,پیمان نامه;پیمان
قراردادن یا,گذاشتن
قرض الحسنه,وام بی بهره
قرن,سده
قره قروت,ترف
قرون,سده ها
قرون وسطایی,میانسده ای
قرون وسطی,سده های میانی
قریب,نزدیک;خویش;خویشاوند
قریب الوقوع,زود هنگام
قسم,سوگند;جور;مانند;گونه
قسمت دوم,بخش دوم
قسی القلب,سنگدل;سخت دل
قصد دارند,برآنند
قصر,کاخ;کوشک
قصور,کوتاهی;سستی;فروگذاری
قصیده,چکامه;چامه;سروده
قضائیه,دادگستری
قضات,داوران;دادگران
قطع درختان,بریدن درختان
قطع کردن,بریدن;رهاکردن;گسلاندن
قطعا,بی گمان
قطعه,تکه;بخش;پاره;تکه
قفسه,گنجه;دولاب
قلاع,دژها
قلمرو,گستره
قله,چکاد;چکات;چکاذ;چکات;چگات;چیکات
قمر مصنوعی,ماهواره
قنات,کاریز;کهریز
قناعت کردن,بسنده کردن
قنوات,کاریزها
قهر آمیز,خشونت آمیز;پرخاشگرانه
قوای,نیروهای
قوز,گوژ
قوس,کمان;کژواره;کمانه
قوم,تیره;تبار;خاندان;خویش;دودمان
قوه,نیرو;توان
قوی,نیرومند;پایدار;توانا;زورمند
قیام,شورش;خیزش;خیزش
قیامت,هنگامه;رستاخیز
قیم,سرپرست;استور
قیمت,بها;ارج;ارزش;نرخ
قیومیت,سرپرستی
کاتالیزور,کنشیار
کار مشکلی است,کار دشواری است
کارخانجات,کارخانه ها
کاسب,سوداگر;پیشه ور;فروشنده
کاشف,یابنده;آشکارگر;بازیابنده
کافی است,بس است
کامپیوتر,رایانه
کاندیدا,نامزد
کبد,جگر
کبیر,بزرگ;بلند پایه;گرامی;مهان
کثرت,فراوانی;انبوهی;بسیاری;سرشاری;فزونی
کثیرالانتشار,پرشمارگان
کذاب,دروغگو;دروغپرداز
کذب,دروغ
کسب علم,دانش اندوزی
کسب و کار,سوداگری
کسرکردن,کاستن
کسوف,خورشید گرفتگی;خورشیدگرفتگی
کفاش,کفشگر;کفشدوز
کفاشی,کفشگری
کفایت,بسنده;برازندگی;بسندگی;شایستگی;کاردانی
کفایت می‌کند,بسنده می کند
کفن و دفن,خاکسپاری
کل,همه;سراسر;هماد;همگی
کلا,رویهمرفته;روی هم;یکجا;رویهم;سراسر;همگی;یکجا
کلاً,رویهمرفته
کلام,سخن;گفت;گفتار;گویش
کلام خدا,سخن خدا
کلمات,واژه ها
کلمه,واژه
کلمه عبور,گذرواژه
کلیپ تصویری,نماهنگ
کم نظیر,کم مانند;بی مانند
کم و کیف,چند و چون;چونی و چندی
کمالات,شایستگی;شایستگی‌ها
کنترل,مهار;بازرسی;در شمار آوردن;وارسی
کهولت,پیری;سالخوردگی;فرتوتی;فرسودگی
کیاست,زیرکی;خردمندی;زیرکی;هوشیاری;هوشیاری
لااقل,دست کم;دست پایین
لاجرم,خواه ناخواه;ناچار;ناگزیر
لازم نیست,نیاز نیست
لایتناهی,بی پایان;بیکران
لایق,شایسته;درخور;سزاوار
لاینحل,ناگشودنی;چاره ناپذیر
لباس,پوشاک;تن پوش;جامه;رخت
لباس پوشیدن,جامه پوشیدن
لجباز,یکدنده;پافشاری کننده;ستیزه جو;یکدنده ستیزه جو
لجبازی,یکدندگی
لحاف,روانداز;دواج
لحظه به لحظه,دم به دم;دمادم
لذیذ,خوشمزه;گوارا
لطفا,خواهشمندم;از روی مهر;خواهشمند است;مهرورزیده
لغت,واژه
لغتنامه,واژه نامه
لفافی,واژه بازی;سخنپردازی
لقب,فرنام;بَرنام;پاژنام
لهجه,گویش;سرزبان
لوازم,ابزارها;ابزار;افزار
لوازم التحریر,نوشت افزار
لیاقت,شایستگی;برازندگی;سزاواری
گاراژ,چندگاهه;زودگذر;ناپایدار
گزارشات,گزارش ها
ماحصل,دستاورد
ماخوذه,برگرفته
مادام که,تا هنگامی که
ماضی,گذشته;پارینه;سپری شده
مالکیت,از آنش;داشتاری
مامور,کارگزار;گمارده;گماشته
مامور پلیس,شهربان
ماهیت کار,سرشت کار
ماوراء الطبیعه,فرا سرشت;فراسپهر
ماوراء النهر,فرارود
ماورای,فرای
مایع,آبگون;آبسان;آبگونه;مایه
مایوس,دلسرد;سرخورده;ناامید;نومید;واخورده
مأخوذه,برگرفته
مأمور,گمارده;گماشته;فرمان یافته
مأیوس,ناامید;دلسرد;نومید;واخورده;سرخورده
مباحثه,گفت و شنود;گفت و شنید;گفتاورد;گفتگو;گفتمان;گفتمان
مبارک,فرخنده;پسندیده;خجسته;همایون
مبارک باد,خجسته باد;همایون باد
مبتدی,تازه کار;نوآموز;نوکار;نوگام
مبتکر,نوآور
مبتکرانه,نوآورانه
مبتلا,دچار
مبتلا به مریضی,دچار بیماری
مبتنی بر,بر پایه
مبحث,جستار;جُستار;سخن;گفتار
مبدا,آغاز;خاستگاه
مبدأ,خاستگاه;آغاز
مبین,بازگو کننده;آشکارکننده;روشنگر;گویا
متأثر,دل آزرده
متارکه,جدایی
متاسفانه,بدبختانه;شوربختانه;افسوس;دریغا;سوگمندانه;نگوندبختانه
متأسفانه,دریغا;افسوس;شوربختانه;بدبختانه
متبحر,زبردست;چیره دست;کاردان;کارشناس
متحد,همبسته;هماهنگ;همبسته;همدست;یکپارچه
متخصص,کارآزموده;آزموده;کاردان;کارشناس;ویژه کار
متخصصان,کارآزمودگان;ویژ هکاران
متخصصین,کارآزمودگان
مترجم,برگرداننده;ترجمان;ترزبان
مترقی,پیشرفته;بالارونده;پیشرونده
متسلسل,زنجیروار
متشکرم,سپاسگزارم
متشکریم,سپاسگزاریم
متشکل از,در برگیرنده;در بر گیرنده;دربربگیرنده;متصاعد
متعادل,ترازمند
متعاقب,به دنبال;در پی
متعاقباً,پس از این
متعجب,شگفت زده;شگفتزده
متعجب شد,شگفت زده شد
متعدد,انبوه;بسیار;بیشمار;فراوان
متعهد,پایبند;پذیرنده
متفرق کردن,پاشاندن;پراکندن;پراکنده کردن;تاراندن
متفکر,اندیشمند;اندیشگر
متفکران,اندیشمندان
متقاضی,درخواست کننده;خواستار;خواهان;درخواستگر
متلاشی,فروریخته;از هم پاشیده;فرو پاشنده;گسیخته
متمایز,جدا;سوا
متمول,توانگر;توانمند;دارا;سرمایه دار
متنوع,گوناگون;جوراجور;رنگارنگ
متواتر,پی در پی
متواضع,فروتن;خاکسار;سر به زیر
متوالی,پیاپی;پشت سرهم;پی در پی
متوسط,میانه;میانگین
متوقف شد,باز ایستاد
متولد شده,زاده شده
متولی,دست اندرکار;دینکار;سرپرست;کارگزار;کیشمند
متولیان,دست اندرکاران;دست‌اندرکاران;سرپرستان;کارگزاران
مثال,نمونه;بسان;شبیه;مانند;نشانه;همانند
مثلثی,لچکی
مثمر ثمر,کارساز
مثمر ثمر واقع شد,به کار آمد
مجانی,رایگان;مفت
مجبور,ناچار;ناگزیر;وادار;واداشته
مجدد,دوباره
مجددا,ازسر;ازنو;باز;دوباره
مجدداً,دوباره;ازنو;باز;ازسر
مجذوب,شیفته;دلباخته;دلبسته;شیدا;فریفته;گراییده
مجرب,کارآزموده;جهاندیده;کاردان;کارگشته
مجرم,بزهکار;بزه کار;تبهکار;گناهکار
مجروح,زخمی;آسیب دیده;افگار
مجسمه,تندیس;پیکره
مجلس,انجمن;انجمنگاه;نشست;نشستگاه;همایش
مجنون,دیوانه;خل;شیدا;شیفته
مجهول الهویه,ناشناس;بی نام و نشان;گمنام;ناشناخت
مجوز,پروانه;دستور;روادید
محاسبه نشده,نسنجیده
محبس,زندان;بازداشتگاه;بند
محبوس,زندانی;بازداشتی;دربند;درزنجیر
محترم,ارجمند;ارجمند;بزرگوار;گرامی;والا
محتوا,درونمایه;بن مایه
محتویات,درونمایه
محدود,اندک;کران مند;کرانمند;کرانه پذیر;کم;مرزبسته;مرزین;ناچیز
محذوریت,تنگنا
محروم,بی بهره;ناکام
محسوس,چشمگیر;آشکار;آشکارا;پیدا;سترسا;نمودار
محشر,رستاخیز
محصل,دانش آموز;دانشور
محضر,پیشگاه;بودگاه;پیشگاه;دفترخانه;فرگاه
محضر اسناد رسمی,دفترخانه;دفتر اسناد رسمی
محققانه,پژوهشگرانه
محکم,استوار;استوان;پابر جا;پابرجا;سخت;سفت
محل اکتشاف,یافتگاه
محل تلاقی,پیوندگاه
محله,برزن;کوی
محیط,پیرامون;پیراگیر;زیستگاه;فراگرد;گرداگرد
مخبر,خبرنگار;آگاهیده;پیامگوی;خبررسان;گزارشگر
مختلف,گوناگون;جوراجور;درهم;ناهمسان;ناهمگون
مخرب,ویرانگر;تباهگر;ویران گر
مخزن,انبار;انباشتگاه;اندوختگاه;گنجینه
مخصوص,ویژه;برگزیده;خودویژه
مخفی,پنهان;پنهانی;سربسته;ناپیدا;نهان;نهفته
مخفیانه,پنهانی
مخفیگاه,نهانگاه
مخلوط,در هم آمیخته;درهم آمیخته;درهم آمیزه
مخلوط کردن,آمیختن;درآمیختن;آمیختن;درآمیختن
مخلوق,آفریده
مداخله,پادرمیانی;دست اندازی;دست درازی
مداوم,همیشگی;پیاپی;هموار;یکسره
مدت مدید,دیرگاه
مدتی است,چندی است
مدد,یاری;کمک;یاوری
مدرس,استاد;آموزگار
مدرسین,آموزگاران
مدرن,نوین;امروزین
مدفون کردن,به خاک سپردن
مدل,الگو
مدینه فاضله,آرمانشهر
مذاکره,گفتگو;گفت و گذار;گفت وشنود
مذبوحانه,نافرجام
مذکر,نر;مرد;نرینه
مذمت کردن,نکوهیدن
مراتع,چراگاه‌ها;چراگاه‌ها;مرغزارها
مراجعت,بازگشت;بازگشتن;برگشتن
مربع,چهارگوش
مرتبا,پی در پی
مرتباً,پی در پی
مرتبط,پیوسته;درپیوند
مرتع,چراگاه;چمنزار
مرتعش,لرزان;جنبان;لرزنده
مرحله دوم,گام دوم;گامه دوم
مرحومه,شادروان;آمرزیده;زندیاد
مرسوله پستی,بسته پستی
مرسی,سپاس
مرض,بیماری
مرطوب,نمناک;نمور;نمدار;تر
مرکز تحقیقات,پژوهشگاه
مرور,بازبینی;بازنگری;دوباره خواندن;دوباره نگریستن;رفت و آمد
مریخ,بهرام;وهرام
مرید,پیرو;دنباله رو;سرسپرده
مریض,بیمار;دردمند;رنجور;ناخوش
مریض خانه,بیمارستان
مریضی,بیماری
مزاح,شوخی;لودگی;مسخرگی
مزاحم شدن,دردسر دادن
مزیت,برتری;افزونی
مزین,آراسته;آرایش;آراینده;زیور
مسافر,رهنورد;رهسپار;گشتار
مساوات,برابری;همسانی;یکسانی
مساوی,برابر;پایاپای;هم اندازه;همتای;یکسان
مستبد,خودکامه;خودرای;خودسر;خیره سر
مستبدان,خودکامگان
مستتر,نهان;پنهان
مستحضر,آگاه;آشنا;دانسته
مستحق,سزاوار;در خور;شایسته
مستضعف,بینوا;تنگدست;تهیدست;درمانده;ستمدیده;فرودست;ناتوان
مستضعف,ناتوان;بینوا;تنگدست;تهیدست;درمانده
مستفیض,بهره مند;برخوردار
مستقیم,آشکارا;سر راست;یکراست;یکسره
مستقیماً,آشکارا;یکراست
مستمر,پیوسته;پی درپی;همیشه
مستمعین,شنوندگان
مستهلک,فرسوده;از میان رفته;نابود;نیست
مستولی,چیره;پیروزمند;دست یافته
مسخره است,خنده دار است
مسقط الراس,زادگاه
مسلخ,کشتارگاه
مسلط,چیره;پیروز;پیروزمند;چیره دست
مسئولان,کارگزاران;دست اندرکاران
مسیر,راه;راه رو;روش;گذر;گذرگاه;گشتگاه
مسیل,خشکرود;آبرا
مشارالیه,نامبرده
مشاهده کردن,تماشا کردن;درنگریستن
مشاور,رایزن;رایزنی;همسگال
مشترک المنافع,همسود
مشخصه,ویژگی;شناسه
مشرق,خاور
مشقت,رنج;دشواری;سختی
مشکل,دشواری;دشوار;پیچیده;چالش;دشواره;سخت
مشکل است,سخت است
مشکلات,دشواری ها
مشورت,رایزنی;کنکاش;همپرسی
مصدوم,آسیب دیده;آسیب‌دیده;زخمی;کوفته
مصلی,نمازگاه;نماز خانه
مضایقه نمی‌کنم,فروگزاری نمی کنم
مضطرب,پریشان;آسیمه سر;دلواپس;سراسیمه;نگران
مضطرب هستم,پریشانم
مضیقه,تنگنا;دشواری;سختی
مطالبات,خواسته ها
مطالعات,پژوهش;پژوهش ها
مطبخ,آشپزخانه
مطرح کردن,در میان گذاشتن
مطلع,آگاه;دانا
مطمئنا,بی گمان
مطمئناً,بی گمان
مطیع,فرمانبردار;رام;سرسپرده
مظلوم,ستمدیده;ستمکش
مظهر یا سمبول,نماد
مع الوصف,با اینهمه
مع هذا,با اینهمه
معاد,رستاخیز
معادل,برابر;هم ارز;همچند;همسنگ
معاش,روزی;زیست;گذران
معاشرت,رفت و آمد;همزیستی;همنشینی
معاصر,امروزین;امروزی;هم روزگار;همدوره;همزمان
معافیت,بخشودگی;برکناری;رهایی
معاملات,داد و ستدها
معاندت,دشمنی
معاون,دستیار;کاریار;همیار;یاور
معتقدات,باورها
معدودی,شماری
معروف,سرشناس;پرآوازه;شناخته;شناخته شده;نامدار;نامدار;نامور;نامور
معروفترین,نامی ترین
معضل,کاستنی;دشواری
معطر,خوشبو;بویا
معقول,بخردانه;بادب;خردمند
معلم,آموزگار;آموزنده
معلومات,دانسته ها
معما,چیستان;راز
معمم,دستاربند;دستار بند
معلوم است,آشکار است
مغرب,باختر
مغرور,خودخواه;خود;خود پسند;خودبین;خودپسند;گرانسر
مغفرت,آمرزش;بخشایش;پوزش
مفتوح,باز
مفرح,دلگشا;شادی آفرین;شادی بخش
مفقود شده,گم شده ناپدید شده;گم شده
مفلوک,بیچاره;درمانده;بدبخت;تهیدست
مفید,سودمند;بارور;سودبخش;کارآمد
مقابله,رویارویی;درگیری;رویبرویی;ستیز
مقارن,همزمان;پیرامون;نزدیک;همهنگام
مقاله,نوشتار;سخن;گفتار;نامه
مقاومت,پایداری;ایستادگی;ایستاده گری
مقایسه,سنجش;برابری;هم سنجی;همسنجی
مقایسه می‌کنم,می سنجم
مقبره,آرامگاه;دخمه;گور;مغاک
مقتولین,جان باختگان;کشتگان
مقداری,اندکی;چندی
مقدمه,پیشگفتار;پیش‌آغاز;پیش‌درآمد;پیش‌گفتار;دیباچه;دیباجه;سرآغاز
مقر سپاه,ستاد سپاه
مقررات,آیین نامه;آیین نامه;آیین نامه‌ها;آیین نامه‌ها;روش‌ها;شیوه‌ها
مقطعی,دوره ای
مقطوع النسل,بی فرزند
مقننه,آیینگذاری
مقنی,چاه کن;کاریزکن;کنادگر;لایروب
مقوله,زمینه;جستار;گویه
مکانیزم,سازوکار
مکث,درنگ;ایست
مکرمه,گرامی
منکر شد,زیرش زد
منهدم,نابود;فروپاشیده;فروریخته;ویران
منوط به,وابسته به
مهارت,چیرگی;چیره دستی;زبردستی;کاردانی;ورزیدگی
مهلک,کشنده;مرگبار
مهیا,آماده;ساخته و پرداخته;فراهم
مواجه,روبرو;دچار;رو در رو;رویارویی
موازنه,برابری;برابر کردن;همسنگی
موازنه قدرت,برابری نیروها
موافق,همداستانم
موثر,کارساز;کارآمد;کارایی;کارگر;کاری;نشانگذار;هنایا;هناینده
موجب نگرانی شد,مایه نگرانی شد
موجبات,زمینه ها;بایسته‌ها;زمینه‌ها;زمینه‌های
موجه,پذیرفتنی;پذیرفته;پسندیده;درست انگاشته;روا;شایسته
مورخ,گذشته نگار;تاریخدان;کهن نگار;هنگامه
مورد,باره;برای;نشانه;نمونه
مورد نظر,دلخواه
موزه,دیرینکده;گنج خانه;گنجینه;نمایشگاه
موسس,بنیادگزار;بنیادگذار;بنیانگذار;بنیانگذار;بنیانگزار;پایه گذار
موسسه,بنیاد;نهاد;سازمان;بنگاه
موضوع,جستار;نکته;باره;پرسمان;زمینه;سخن;نهاده;نهشته
موعد,زمان;سررسید;هنگام
موفق باشید,پیروز باشید
موفقیت,کامیابی;پیروزگری;پیروزی;کامکاری;کامیابی
موقت,گذرا;چندگاهه;زودگذر;ناپایدار
مولود,فرزند;فرزاد
مومن,باورمند;باوردار;پارسا;پرهیزکار;گرویده
مونث,ماده;مادینه
میادین,میدان ها
میسر است,شدنی است
میلاد,زادروز
مینیاتور,ریزنگاره
مینیاتوری,ریزنگارگری;ریزنگاری
مینیاتوریست,ریزنگارنده
نادم,پشیمان;شرمسار
نارضایتی,ناخشنودی
ناشی از,برآمده از
ناشی شده است,برآمده است
ناشی می‌شود,بر می آید
ناطق,سخنران;سخنگو;سخنگوی;سخنور;گویا
ناعدالتی,بی دادگری
نامرتبی,نا به سامانی
نامطلوب,ناپسند;ناخواسته
نامنظم,نا به سامان;بی سامان
ناموفق,ناکام
نامیمون,ناخجسته;نافرخنده
نبض,تپش
نجاری,درودگری
نجوم,اخترشناسی;اختر شناسی;اخترماری;ستاره شناسی
نحوه,روش;شیوه
نحوه کار,روش کار
ندامت,پشیمانی;افسوس;شرمساری
نزاع,کشمکش;درگیری;زدوخورد;ستیز;ستیزه
نزول پول,بهره پول
نزولی,کاهنده;فروریز
نسبتا,بسنجش;تا اندازه ای;تااندازه ای;کمابیش
نسبتاً,کمابیش
نسل,دودمان;تبار;تخمه;نژاد
نسوان,زنان;بانوان
نشاط,شادی;رامش;شادمانی;شور
نشریه ادواری,گاهنامه
نشریه هفتگی,هفته نامه
نصب کردن,گذاشتن;برنشاندن;برنشانیدن
نصیحت,پند یا اندرز;اندرز;پند;سفارش
نطق,سخنرانی;سخنگویی;سخنوری;گفتار
نظارت,بازبینی;بازرسی;پاییدن;دیدوری;فردید;وارسی
نظاره گر,بیننده
نظافت,پاکیزگی;پاکیزه کردن;رفت و روب
نظافت را رعایت کنید,پاکیزه نگه دارید
نظر به اینکه,از آنجا که
نفر,تن;سر;کس
نفع,سود;بازدهی;بهره
نفع خالص,سود ویژه
نقطه عطف,چرخشگاه
نقطه نظر,دیدگاه;نگرش
نقیصه,کاستی
نمک طعام,نمک خوراکی
نهایتا,سرانجام
نهایتاً,سرانجام
نهایی,پایانی;انجامین;فرجامین;کرانین
نهضت,جنبش
نواقص,کاستی ها
نورانی,درخشان;روشن
نوشتجات,نوشته ها
نظارت,بازبینی;بازرسی;پاییدن;دیدوری;فردید
ناب,سره
ناجور,ناهماهنگ
نامناسب,بی قواره
ناشی از,برآمده از
ناشی شده است,برآمده است
نکات,نکته‌ها
وثیقه,پشتوانه
وجود,هستی;هست;بودش;فرتاش;هستش
وحدت,همبستگی;همبستگی;یک‌پارچگی;یگانگی
وحشت کردن,ترسیدن;هراسیدن
وحشتناک,هراسناک;ترسناک;دهشتناک;هراس انگیز
وحشیانه,ددمنشانه
وخیم,ناگوار
ودیعه,سپرده;گروسپاری;نهاده
وراث,بازماندگان
وراجی,پرگویی
ورم,آماس;باد
ورید,رگ;سیاهرگ
وزین,سنگین;ارزشمند;گرانسنگ;گرانمایه
وساطت,میانجیگری;پا در میانی;پادرمیانی;میانجی
وضع حمل,زایمان;زایش
وضو,دست نماز;پادیاب
وطن,میهن;زاد و بوم;زادگاه
وطنی,میهنی
وفات,مرگ;درگذشت;میرش
وفور,فراوانی;بسیاری;فراوان;فزونی
وقاحت,بی شرمی;بی‌شرمی;گستاخی
وقایع,سرگذشتها;رویدادها;رخدادها
وقتی که,هنگامیکه
وقیح,بی شرم;بی آبرو;پررو;دریده;گستاخ
وکیل مجلس,نماینده انجمن
ولادت,زادروز;زادن;زایش;زاییدن
ولاغیر,و دیگر هیچ
ولیعهد,جانشین
هاله,آرک;هاله
همان طور,همانگونه;هم آنسان;همان جور
همجهت,همسو
همفکران,هم اندیشان
همینطور,همینگونه
هیچ وجه,هیچگونه
هیچوقت,هیچگاه
هضم کردن,گواریدن;گوارش
وحدت,همبستگی;یکپارچگی;یگانگی
یاغی,سرکش;گردنکش;نافرمان
یقین,باور;بی شک;بی گمانی;بیگمان
یقینا,بی گمان;بیگمان
یقیناً,بی گمان
یک ذره,یک خرده
یک ربع,یک چارک;یک چهارم
یک عده,شماری
یکطرفه,یکسویه
یومیه,روزانه;هر روز
